1001;Whiteboard;https://www.aliexpress.com/store/product/Writing-board-magnetic-white-writing-board-fridge-writing-board/1708277_32565984688.html?spm=2114.12010612.8148356.1.471c7b44CdaDvW
1002;Whiteboard;https://www.aliexpress.com/store/product/Writing-board-magnetic-white-writing-board-fridge-writing-board-message-board-2pieces-set-3-normal-markers/1708277_32616964857.html?spm=2114.12010612.8148356.3.471c7b44CdaDvW
1003;Whiteboard;https://www.aliexpress.com/store/product/Free-Shipping-2016-Dry-Erase-Magnetic-Board-Fridge-Whiteboard-Can-Erased-Easily-and-Write-Repeated-Office/1708277_32741942179.html?spm=2114.12010612.8148356.5.471c7b44CdaDvW
1004;Whiteboard;https://www.aliexpress.com/store/product/White-board-Writing-board-message-board-Removable-Whiteboard-Memo-Pad/1708277_32704818797.html?spm=2114.12010612.8148356.7.471c7b44CdaDvW
1005;Whiteboard;https://www.aliexpress.com/store/product/Writing-board-magnetic-white-writing-board-fridge-writing-board-message-board-5pieces-set/1708277_32615921574.html?spm=2114.12010612.8148356.9.471c7b44CdaDvW
1006;Whiteboard;https://www.aliexpress.com/store/product/1PC-Removable-Message-Whiteboard-Wall-Dry-Erase-Board-Message-Board-1Pen-2-Magnets-1Board/1708277_32596884515.html?spm=2114.12010612.8148356.11.471c7b44CdaDvW
1007;Whiteboard;https://www.aliexpress.com/store/product/A4-White-board-set-office-supply-stationery-Writing-board-message-board-Removable-Whiteboard-Memo-Pad-Magnetic/1708277_32707027320.html?spm=2114.12010612.8148356.13.471c7b44CdaDvW
1008;Whiteboard;https://www.aliexpress.com/store/product/A4-size-Writing-board-magnetic-white-writing-board-fridge-writing-board-message-board-2pieces-set-2/1708277_32646233134.html?spm=2114.12010612.8148356.15.471c7b44CdaDvW
1009;Whiteboard;https://www.aliexpress.com/store/product/3pcs-A4sizeMagnetic-Whiteboard-Writing-Flexible-Removable-Home-Decoration-Message-Fridge-Flexible-White-Board-for-Kids-Memo/1708277_32769997898.html?spm=2114.12010612.8148356.17.471c7b44CdaDvW
1010;Whiteboard;https://www.aliexpress.com/store/product/Removeable-Whiteboard-Message-Board-Kids-Toys-Children-Educational-Magnetic-Drawing-Board-Paiting-Board-1Pen-2-Magnets/1708277_32596896338.html?spm=2114.12010612.8148356.19.471c7b44CdaDvW
1011;Whiteboard;https://www.aliexpress.com/store/product/A4-White-board-Writing-board-message-board-Removable-Whiteboard-Memo-Pad-Magnetic-Whiteboard/1708277_32705496463.html?spm=2114.12010612.8148356.21.471c7b44CdaDvW
1012;Whiteboard;https://www.aliexpress.com/store/product/Whiteboard-Office-Marker-Magnetic-Board-Children-s-Drawing-Board-Removable-Whiteboard-Decals-1Pen-2-Magnets-1Board/1708277_32596089297.html?spm=2114.12010612.8148356.23.471c7b44CdaDvW
1013;Whiteboard;https://www.aliexpress.com/store/product/Whiteboard-Children-Drawing-Toys-Kids-Drawing-Board-Painting-Board-Boy-Girl-Toy-1Pen-2-Magnets-1Board/1708277_32596077950.html?spm=2114.12010612.8148356.25.471c7b44CdaDvW
1014;Whiteboard;https://www.aliexpress.com/store/product/A4-Dry-Erase-Flexible-Magnetic-Whiteboard-Message-board-Memo-Pad-Dialog-Box-Magnet-Magnetic-whiteboard-with/1708277_32648415942.html?spm=2114.12010612.8148356.27.471c7b44CdaDvW
1015;Whiteboard;https://www.aliexpress.com/store/product/Magnetic-Picture-Frame-Collage-For-Refrigerator-Holds-4-4x6inch-Photos-2-black-and-2-grey/1708277_32408982596.html?spm=2114.12010612.8148356.29.471c7b44CdaDvW
1016;Whiteboard;https://www.aliexpress.com/store/product/Dry-Erase-Magnetic-Whiteboard-Message-board-Memo-Pad-Dialog-Box-Magnet-Magnetic-whiteboard-1Pen-2-Magnets/1708277_32596061784.html?spm=2114.12010612.8148356.31.471c7b44CdaDvW
1017;Whiteboard;https://www.aliexpress.com/store/product/A4-size-New-creative-magnetic-whiteboard-soft-whiteboard-as-fridge-magnet-office-marker-blackboard-sticker/1708277_32663065773.html?spm=2114.12010612.8148356.33.471c7b44CdaDvW
1018;Whiteboard;https://www.aliexpress.com/store/product/Dry-Erase-Flexible-Magnetic-Whiteboard-Message-board-Memo-Pad-Dialog-Box-Magnet-Magnetic-whiteboard/1708277_32566683256.html?spm=2114.12010612.8148356.35.471c7b44CdaDvW
1019;Markers & Highlighters;https://www.aliexpress.com/store/product/10pcs-lot-Excellent-Magnetic-Whiteboard-Pen-Dry-Wipe-White-Board-Markers-Magnet-Pens-Built-In-Eraser/1708277_32665167828.html?spm=2114.12010612.8148356.1.59cd65fdZen3Rk
1020;Markers & Highlighters;https://www.aliexpress.com/store/product/10pcs-lot-Excellent-Magnetic-Whiteboard-Pen-Dry-Wipe-White-Board-Markers-Magnet-Pens-Built-In-Eraser/1708277_32638415398.html?spm=2114.12010612.8148356.3.59cd65fdZen3Rk
1021;Markers & Highlighters;https://www.aliexpress.com/store/product/10pcs-Whiteboard-Marker-Pens-White-Board-Dry-Erase-Marker-Fine-Nib-Pen-with-Eraser-Rubber-colorful/1708277_32638419521.html?spm=2114.12010612.8148356.5.59cd65fdZen3Rk
1022;Markers & Highlighters;https://www.aliexpress.com/store/product/Whiteboard-marker-pen-dry-erase-markers-3colors-alternative-erasable-whiteboard-marker-pen-Magnet-Pens-Office-School/1708277_32703917816.html?spm=2114.12010612.8148356.7.59cd65fdZen3Rk
1023;Markers & Highlighters;https://www.aliexpress.com/store/product/School-Supplies-3-Colors-Whiteboard-Marker-Colored-Marker-Pens-12pcs-bag-Marker-Pens-Rotuladores-De-Colores/1708277_32841376529.html?spm=2114.12010612.8148356.9.59cd65fdZen3Rk
1024;Markers & Highlighters;https://www.aliexpress.com/store/product/White-Board-Marker-3-Colors-Office-Supplies-12pcs-bag-Colored-Marker-Pens-Dry-Erase-Markers-Papelaria/1708277_32841264896.html?spm=2114.12010612.8148356.11.59cd65fdZen3Rk
1025;Markers & Highlighters;https://www.aliexpress.com/store/product/Whiteboard-Marker-3-Colors-Colored-Marker-Pens-12pcs-bag-School-Supplies-Whiteboard-Pen-Papelaria-Rotulador-Pizarra/1708277_32841594006.html?spm=2114.12010612.8148356.13.59cd65fdZen3Rk
1026;Ballpoint Pens;https://www.aliexpress.com/store/product/Outdoor-Suvival-Aluminum-Tactical-Pen-Multi-purpose-Outdoor-Emergency-Break-Glass-Outdoor-Camping-Trip-Kit/1708277_32841619817.html?spm=2114.12010612.8148356.1.1b424cdc3BtFGw
1027;Ballpoint Pens;https://www.aliexpress.com/store/product/Luxury-roller-ballpoint-Pens-school-Office-Stationery-pens-Multifunction-Ballpoint-Pen-Pencil-Free-Shipping/1708277_32792164263.html?spm=2114.12010612.8148356.3.1b424cdc3BtFGw
1028;Ballpoint Pens;https://www.aliexpress.com/store/product/Modern-Design-Overvalue-Handy-Tech-Tool-Ballpoint-Pen-Bottle-Opener-Screwdriver-Ruler-Spirit-Level-Multifunction-free/1708277_32621837698.html?spm=2114.12010612.8148356.5.1b424cdc3BtFGw
1029;Ballpoint Pens;https://www.aliexpress.com/store/product/Brand-Pen-Bamboo-Ballpoint-Pen-School-Ballpoint-Pens-0-7mm-Novelty-Pens-Caneta-Material-Escolar-Office/1708277_32840762814.html?spm=2114.12010612.8148356.7.1b424cdc3BtFGw
1030;Ballpoint Pens;https://www.aliexpress.com/store/product/Pen-Metal-Ballpoint-Pen-0-7mm-Novelty-Pens-Office-Supplies-Stationery-Carbon-Pen-Material-Escolar-Kalem/1708277_32840770627.html?spm=2114.12010612.8148356.9.1b424cdc3BtFGw
1031;Ballpoint Pens;https://www.aliexpress.com/store/product/Portable-Tactical-Pen-Self-Defense-Emergency-Survival-Tool-Window-Breaker-Outdoor-Camping-Travel-kits/1708277_32839173106.html?spm=2114.12010612.8148356.11.1b424cdc3BtFGw
1032;Ballpoint Pens;https://www.aliexpress.com/store/product/10pcs-0-7mm-Black-Ink-Ballpoint-Pen-Refill-Stationery-School-Writing-Supply-Pen-refills-Metal-Pen/1708277_32804730284.html?spm=2114.12010612.8148356.13.1b424cdc3BtFGw
1033;Ballpoint Pens;https://www.aliexpress.com/store/product/027-0-5-Student-creative-ballpoint-pen-human-bones-ballpen-school-supplies-office-supplies-home-decoration/1708277_32623607583.html?spm=2114.12010612.8148356.15.1b424cdc3BtFGw
1034;Ballpoint Pens;https://www.aliexpress.com/store/product/Brand-Pen-Metal-Roller-Pen-Luxury-Ballpoint-Pen-For-Business-Writing-Office-School-Supplies-Kalem-Caneta/1708277_32842291843.html?spm=2114.12010612.8148356.17.1b424cdc3BtFGw
1035;Ballpoint Pens;https://www.aliexpress.com/store/product/High-quality-international-brands-Platinum-stainless-steel-Business-office-Medium-nib-Ballpoint-Pen-New/1708277_32793931788.html?spm=2114.12010612.8148356.19.1b424cdc3BtFGw
1036;Ballpoint Pens;https://www.aliexpress.com/store/product/Metal-Ballpoint-pen-ball-pen-0-7mm-blue-ink-black-silver-student-supplies-business-pen-gift/1708277_32793947467.html?spm=2114.12010612.8148356.21.1b424cdc3BtFGw
1037;Ballpoint Pens;https://www.aliexpress.com/store/product/Stationery-Pen-Wooden-Ballpoint-Pen-School-Pen-Fashion-School-Stationery-TUNGTREE-SMT-90-Free-Shipping/1708277_32792372095.html?spm=2114.12010612.8148356.23.1b424cdc3BtFGw
1038;Ballpoint Pens;https://www.aliexpress.com/store/product/Aluminium-Alloy-Portable-Tactical-Pen-Life-saving-Self-Defense-Pen-Writing-Attack-Outdoor-Camping-Tool-Outdoor/1708277_32840450866.html?spm=2114.12010612.8148356.25.1b424cdc3BtFGw
1039;Ballpoint Pens;https://www.aliexpress.com/store/product/Black-Metal-Ballpoint-Pen-Material-School-Supplies-School-Ballpoint-Pens-School-Pen-Writing/1708277_32840766814.html?spm=2114.12010612.8148356.27.1b424cdc3BtFGw
1040;Ballpoint Pens;https://www.aliexpress.com/store/product/1pcs-lot-Metal-ballpoint-pen-stainless-steel-metal-ballpoint-pen-sign-pen-core-blue-free/1708277_32794027122.html?spm=2114.12010612.8148356.29.1b424cdc3BtFGw
1041;Ballpoint Pens;https://www.aliexpress.com/store/product/Black-Metal-Ballpoint-pen-Ball-Point-Business-Canetas-for-Writing-Custom-Print-Logo-Gifts-Free-shipping/1708277_32792084817.html?spm=2114.12010612.8148356.31.1b424cdc3BtFGw