1042;Fountain Pens;https://www.aliexpress.com/store/product/High-quality-Fountain-pen-Full-Bamboo-Golden-Clip-luxury-pens-Caneta-Stationery-Office-school-supplies/1708277_32794087965.html?spm=2114.12010612.8148356.1.50743520vtiJS5
1043;Correction Supplies;https://www.aliexpress.com/store/product/40-pieces-replacement-eraser-Eraser-Refills-5-25mm-for-Electrical-Pencil-Rubber/1708277_32628933090.html?spm=2114.12010612.8148356.1.743171d96SyPjw
1044;Pencil Sharpeners;https://www.aliexpress.com/store/product/Spare-Blades-For-Automatic-Pencil-Sharpeners-Blade-For-Electric-Pencil-Sharpener/1708277_32759721538.html?spm=2114.12010612.8148356.1.348b71e7q6w1TN
1045;Pencil Sharpeners;https://www.aliexpress.com/store/product/New-2015-Eagle-M5034B-Electric-Pencil-Sharpener-Usb-Batteries-Double-Power-Supply-Automatic-Pencil-Sharpener/1708277_32618109558.html?spm=2114.12010612.8148356.3.348b71e7q6w1TN
1046;Pencil Sharpeners;https://www.aliexpress.com/store/product/New-Touch-Switch-Automatic-Home-School-Office-Desktop-Electric-Pencil-Sharpener/1708277_32618261114.html?spm=2114.12010612.8148356.5.348b71e7q6w1TN
1047;Pencil Sharpeners;https://www.aliexpress.com/store/product/Pencil-Sharpener-Electric-School-supplies-Kawaii-Puntenslijper-Voor-Potloden-Battery-Pencil-Sharpeners-Sacapuntas-Escolares/1708277_32798777074.html?spm=2114.12010612.8148356.7.348b71e7q6w1TN
1048;Pencil Cases;https://www.aliexpress.com/store/product/2016-Hot-Creative-Comes-Pencil-Sharpener-Pencil-Case-Pupil-School-Supplies-Multifunction-Korean-Fashion-Cartoo-Pencil/1708277_32696399524.html?spm=2114.12010612.8148356.1.53cc218fb9YwxF
1049;Pencil Cases;https://www.aliexpress.com/store/product/2015-pencil-bag-pencil-case/1708277_32377518119.html?spm=2114.12010612.8148356.3.53cc218fb9YwxF
1050;Pencil Cases;https://www.aliexpress.com/store/product/Korean-Candy-Color-Pencil-Case-School-Pencil-Case-Multifunction-Stationery-Storage-Organizer-Case/1708277_32561261949.html?spm=2114.12010612.8148356.5.53cc218fb9YwxF
1051;Pencil Cases;https://www.aliexpress.com/store/product/2015-pencil-case/1708277_32377522238.html?spm=2114.12010612.8148356.7.53cc218fb9YwxF
1052;Pencil Cases;https://www.aliexpress.com/store/product/Fresh-multi-functional-plastic-student-stationery-office-stationery-pencil-cases-snaps-portable-cosmetic-case/1708277_32610717891.html?spm=2114.12010612.8148356.9.53cc218fb9YwxF